{"nowGameStage":9,"maxGameStage":9,"sound":-15.946646690368653,"globalLight":0.5156219005584717,"touchLight":0.9943949580192566}