{"nowGameStage":1,"maxGameStage":12,"sound":-10.948720932006836,"globalLight":0.5156219005584717,"touchLight":0.9943949580192566}