{"nowGameStage":0,"maxGameStage":13,"sound":-0.7856297492980957,"globalLight":0.5156219005584717,"touchLight":0.9943949580192566}